year,month,day,day_of_year,lag_1,lag_7,rolling_mean_7,value
2020,1,8,8,109.74942313545849,102.48357076505616,103.5271258620002,105.99865477632603
2020,1,9,9,105.99865477632603,99.61786845957496,104.02928072075305,100.12187580087752
2020,1,10,10,100.12187580087752,103.85677171913612,104.10128176951056,105.48940859479129
2020,1,11,11,105.48940859479129,108.54251558447906,104.33451560888987,100.76642424452254
2020,1,12,12,100.76642424452254,100.06548405618786,103.22364541746751,101.06126173199785
2020,1,13,13,101.06126173199785,100.37424731410886,103.36589937115465,104.90556303250456
2020,1,14,14,104.90556303250456,109.74942313545849,104.01323018806832,94.43458509850356
2020,1,15,15,94.43458509850356,105.99865477632603,101.82539618278905,95.6809755468516
2020,1,16,16,95.6809755468516,100.12187580087752,100.35144200714986,101.79799965375314
2020,1,17,17,101.79799965375314,105.48940859479129,100.59088827184635,99.8483991630118
2020,1,18,18,99.8483991630118,100.76642424452254,99.78502978159216,106.7861046612924
2020,1,19,19,106.7861046612924,101.06126173199785,100.64498412684499,100.97620775595472
2020,1,20,20,100.97620775595472,104.90556303250456,100.63283355883881,98.75536804889369
2020,1,21,21,98.75536804889369,94.43458509850356,99.75423427546583,113.44473876093532
2020,1,22,22,113.44473876093532,95.6809755468516,102.46997051295611,105.2862236465222
2020,1,23,23,105.2862236465222,101.79799965375314,103.84214881290904,107.05031050537572
2020,1,24,24,107.05031050537572,99.8483991630118,104.59247893456941,99.88539952218652
2020,1,25,25,99.88539952218652,106.7861046612924,104.5977647001658,104.58255730180794
2020,1,26,26,104.58255730180794,100.97620775595472,104.28297222023944,108.15322704304376
2020,1,27,27,108.15322704304376,98.75536804889369,105.3082606898236,102.13655562668367
2020,1,28,28,102.13655562668367,113.44473876093532,105.79128748665073,110.061643189511
2020,1,29,29,110.061643189511,105.2862236465222,105.3079881193044,105.47026369103288
2020,1,30,30,105.47026369103288,107.05031050537572,105.3342795542345,107.30392157978088
2020,1,31,31,107.30392157978088,99.88539952218652,105.37050970772096,106.04137469307396
2020,2,1,32,106.04137469307396,104.58255730180794,106.24993473213344,118.59735585061664
2020,2,2,33,118.59735585061664,108.15322704304376,108.25204881053469,109.5530316697468
2020,2,3,34,109.5530316697468,102.13655562668367,108.45202090006369,104.61496809382004
2020,2,4,35,104.61496809382004,110.061643189511,108.80607982394032,114.29766117041686
2020,2,5,36,114.29766117041686,105.47026369103288,109.41122524978401,104.3604984746494
2020,2,6,37,104.3604984746494,107.30392157978088,109.25268736172923,111.78713885805304
2020,2,7,38,111.78713885805304,106.04137469307396,109.89314697291096,101.22085676263752
2020,2,8,39,101.22085676263752,118.59735585061664,109.20450155427717,104.6529047818781
2020,2,9,40,104.6529047818781,109.5530316697468,107.21243711588598,112.55096932069424
2020,2,10,41,112.55096932069424,104.61496809382004,107.64071392316417,115.5299844847759
2020,2,11,42,115.5299844847759,114.29766117041686,109.20000197901501,112.96360216488668
2020,2,12,43,112.96360216488668,104.3604984746494,109.00942212108212,111.79571021014316
2020,2,13,44,111.79571021014316,111.78713885805304,110.07159522615267,111.133667222276
2020,2,14,45,111.133667222276,101.22085676263752,109.97824213532738,105.50981514653898
2020,2,15,46,105.50981514653898,104.6529047818781,110.59095047588472,109.56441146985485
2020,2,16,47,109.56441146985485,112.55096932069424,111.29259428845282,111.11957738236036
2020,2,17,48,111.11957738236036,115.5299844847759,111.08810972583369,118.96541631420138
2020,2,18,49,118.96541631420138,112.96360216488668,111.57888570146591,115.65279032908944
2020,2,19,50,115.65279032908944,111.79571021014316,111.96305543920916,105.37221671967644
2020,2,20,51,105.37221671967644,111.133667222276,111.04541351199964,116.05834668436172
2020,2,21,52,116.05834668436172,105.50981514653898,111.74893914944046,112.76078196417016
2020,2,22,53,112.76078196417016,109.56441146985485,112.78479155195919,111.5475742075482
2020,2,23,54,111.5475742075482,111.11957738236036,113.06810051448682,118.23424860947895
2020,2,24,55,118.23424860947895,118.96541631420138,114.08448211836091,120.57220832967008
2020,2,25,56,120.57220832967008,115.65279032908944,114.31402383485643,120.3125846350223
2020,2,26,57,120.3125846350223,105.37221671967644,114.97970873570398,111.69666939191968
2020,2,27,58,111.69666939191968,116.05834668436172,115.88320197459586,114.58083833001744
2020,2,28,59,114.58083833001744,112.76078196417016,115.67212935254668,118.01490210549684
2020,2,29,60,118.01490210549684,111.5475742075482,116.42271794416477,121.46550889407544
2020,3,1,61,121.46550889407544,118.23424860947895,117.83956575652583,114.41859671858958
2020,3,2,62,114.41859671858958,120.57220832967008,117.2944726292559,116.1103175256384
2020,3,3,63,116.1103175256384,120.3125846350223,116.65705965725138,111.72851615594983
2020,3,4,64,111.72851615594983,111.69666939191968,115.43076416024103,111.4981456618586
2020,3,5,65,111.4981456618586,114.58083833001744,115.40240362737516,121.75818057983014
2020,3,6,66,121.75818057983014,118.01490210549684,116.42773823449127,124.69048578952292
2020,3,7,67,124.69048578952292,121.46550889407544,117.38139304649499,117.76030805546314
2020,3,8,68,117.76030805546314,114.41859671858958,116.85207864097895,123.34641313956185
2020,3,9,69,123.34641313956185,116.1103175256384,118.12748098683213,120.342614658224
2020,3,10,70,120.342614658224,111.72851615594983,118.73209486291579,115.5117972652856
2020,3,11,71,115.5117972652856,111.4981456618586,119.2725635928209,120.74459172610123
2020,3,12,72,120.74459172610123,121.75818057983014,120.59348445914127,126.82525169048871
2020,3,13,73,126.82525169048871,124.69048578952292,121.31735176066391,119.1506134834581
2020,3,14,74,119.1506134834581,117.76030805546314,120.52594143122609,127.34483942482068
2020,3,15,75,127.34483942482068,123.34641313956185,121.89516019827715,106.61195955036516
2020,3,16,76,106.61195955036516,120.342614658224,119.50452397124907,124.00643262107248
2020,3,17,77,124.00643262107248,115.5117972652856,120.02792653737028,120.51554705420392
2020,3,18,78,120.51554705420392,120.74459172610123,120.74274793578718,118.76580948346157
2020,3,19,79,118.76580948346157,126.82525169048871,120.46006475826722,120.8973147191937
2020,3,20,80,120.8973147191937,119.1506134834581,119.6132166195108,110.6754489604267
2020,3,21,81,110.6754489604267,127.34483942482068,118.40247883050631,119.68682375839238
2020,3,22,82,119.68682375839238,106.61195955036516,117.30847659244513,122.73973241366018
2020,3,23,83,122.73973241366018,124.00643262107248,119.61244414434442,128.50971341897707
2020,3,24,84,128.50971341897707,120.51554705420392,120.25576997261649,118.69204447191017
2020,3,25,85,118.69204447191017,118.76580948346157,119.99526960371739,117.40115095830772
2020,3,26,86,117.40115095830772,120.8973147191937,119.80031838583828,119.092121385204
2020,3,27,87,119.092121385204,110.6754489604267,119.54243362383976,126.33226309096352
2020,3,28,88,126.33226309096352,119.68682375839238,121.77912135677357,123.55040713767268
2020,3,29,89,123.55040713767268,122.73973241366018,122.3310618395279,119.40629863568532
2020,3,30,90,119.40629863568532,128.50971341897707,121.85485701410292,124.76693052734392
2020,3,31,91,124.76693052734392,118.69204447191017,121.32017374386962,122.8285179960116
2020,4,1,92,122.8285179960116,117.40115095830772,121.91109853302696,127.3259336827656
2020,4,2,93,127.3259336827656,119.092121385204,123.32892463652094,119.10906262341754
2020,4,3,94,119.10906262341754,126.33226309096352,123.33134481340859,121.11467776858063
2020,4,4,95,121.11467776858063,123.55040713767268,122.58597548163961,120.9231502305266
2020,4,5,96,120.9231502305266,119.40629863568532,122.21065306633304,115.6938627510825
2020,4,6,97,115.6938627510825,124.76693052734392,121.68030508281834,124.6168321633722
2020,4,7,98,124.6168321633722,122.8285179960116,121.65886245939382,124.56335087972042
2020,4,8,99,124.56335087972042,127.3259336827656,121.90669572849507,123.4025405338032
2020,4,9,100,123.4025405338032,119.10906262341754,121.34621099292902,122.31999671449178
2020,4,10,101,122.31999671449178,121.11467776858063,121.80491586308247,116.52910447878236
2020,4,11,102,116.52910447878236,120.9231502305266,121.14983396453987,121.61283120566596
2020,4,12,103,121.61283120566596,115.6938627510825,121.2483598181312,122.10966670191276
2020,4,13,104,122.10966670191276,124.6168321633722,122.1649032396784,119.91612511342394
2020,4,14,105,119.91612511342394,124.56335087972042,121.49337366111433,123.22245552236096
2020,4,15,106,123.22245552236096,123.4025405338032,121.30181718149156,126.1476220263626
2020,4,16,107,126.1476220263626,122.31999671449178,121.69397168042863,133.65390339953765
2020,4,17,108,133.65390339953765,116.52910447878236,123.31310120686375,125.18860389909304
2020,4,18,109,125.18860389909304,121.61283120566596,124.55017255262241,125.69335566876975
2020,4,19,110,125.69335566876975,122.10966670191276,125.1331046187801,124.12042494781063
2020,4,20,111,124.12042494781063,119.91612511342394,125.42035579676552,114.98302602521564
2020,4,21,112,114.98302602521564,123.22245552236096,124.7156273555929,124.52573273087944
2020,4,22,113,124.52573273087944,126.1476220263626,124.90180981395268,125.03808209415683
2020,4,23,114,125.03808209415683,133.65390339953765,124.74330410935184,137.12899679760463
2020,4,24,115,137.12899679760463,125.18860389909304,125.2397460233614,123.924081001684
2020,4,25,116,123.924081001684,125.69335566876975,125.05909989516013,126.46398548806523
2020,4,26,117,126.46398548806523,124.12042494781063,125.16918986934522,124.85033600960152
2020,4,27,118,124.85033600960152,114.98302602521564,125.27346287817248,119.24545445717573
2020,4,28,119,119.24545445717573,124.52573273087944,125.88238122559535,130.86523358277836
2020,4,29,120,130.86523358277836,125.03808209415683,126.78802420443806,128.97040678027275
2020,4,30,121,128.97040678027275,137.12899679760463,127.34978487388318,129.22289364931095
2020,5,1,122,129.22289364931095,123.924081001684,126.22034156698406,120.77518285511844
2020,5,2,123,120.77518285511844,126.46398548806523,125.77049897461757,132.38789631480864
2020,5,3,124,132.38789631480864,124.85033600960152,126.61677194986662,118.41391775547464
2020,5,4,125,118.41391775547464,119.24545445717573,125.69728362784849,128.40417654470605
2020,5,5,126,128.40417654470605,130.86523358277836,127.00567249749568,136.46638367543048
2020,5,6,127,136.46638367543048,128.97040678027275,127.805836796446,120.603162364093
2020,5,7,128,120.603162364093,129.22289364931095,126.61051616556317,122.76364599876756
2020,5,8,129,122.76364599876756,120.77518285511844,125.68776650119983,126.13026330824222
2020,5,9,130,126.13026330824222,132.38789631480864,126.45277799450322,123.14911090831976
2020,5,10,131,123.14911090831976,118.41391775547464,125.13295150786197,117.94529596781246
2020,5,11,132,117.94529596781246,128.40417654470605,125.06600553819592,126.07122427562534
2020,5,12,133,126.07122427562534,136.46638367543048,124.73272664261297,120.44439122048438
2020,5,13,134,120.44439122048438,120.603162364093,122.44387057762067,128.149108893127
2020,5,14,135,128.149108893127,122.76364599876756,123.52186293891123,121.20703220697104
2020,5,15,136,121.20703220697104,126.13026330824222,123.29948954008317,133.57463551279113
2020,5,16,137,133.57463551279113,123.14911090831976,124.36297128359016,121.92734504096984
2020,5,17,138,121.92734504096984,117.94529596781246,124.18843330254016,124.24982491576289
2020,5,18,139,124.24982491576289,126.07122427562534,125.08908029510451,129.94214826020047
2020,5,19,140,129.94214826020047,120.44439122048438,125.6420694357581,119.73261527224652
2020,5,20,141,119.73261527224652,128.149108893127,125.54038715743842,127.03459314319316
2020,5,21,142,127.03459314319316,121.20703220697104,125.38117062173356,132.44138331939976
2020,5,22,143,132.44138331939976,133.57463551279113,126.9860779235091,117.8746870284953
2020,5,23,144,117.8746870284953,121.92734504096984,124.74322814003827,126.83980241101
2020,5,24,145,126.83980241101,124.24982491576289,125.44500776432972,127.2187125219516
2020,5,25,146,127.2187125219516,129.94214826020047,125.86913456521383,129.82925366058262
2020,5,26,147,129.82925366058262,119.73261527224652,125.85300676526842,119.7344421601822
2020,5,27,148,119.7344421601822,127.03459314319316,125.85326774925923,119.31422559519636
2020,5,28,149,119.31422559519636,132.44138331939976,124.75035809954541,128.5218273551144
2020,5,29,150,128.5218273551144,117.8746870284953,124.19042153321892,127.39099357084638
2020,5,30,151,127.39099357084638,126.83980241101,125.54989389641193,127.15086732744656
2020,5,31,152,127.15086732744656,127.2187125219516,125.59433174161715,127.62140204850785
2020,6,1,153,127.62140204850785,129.82925366058262,125.65185881683949,122.47826369963995
2020,6,2,154,122.47826369963995,119.7344421601822,124.60171739384766,127.0273942612158
2020,6,3,155,127.0273942612158,119.31422559519636,125.64356769399532,127.31778299159213
2020,6,4,156,127.31778299159213,128.5218273551144,126.78693303633759,122.26555941409492
2020,6,5,157,122.26555941409492,127.39099357084638,125.8931804733348,135.149731030127
2020,6,6,158,135.149731030127,127.15086732744656,127.00157153894631,128.17225660243898
2020,6,7,159,128.17225660243898,127.62140204850785,127.14748429251667,119.8275454380862
2020,6,8,160,119.8275454380862,122.47826369963995,126.03407620531357,129.04658551929566
2020,6,9,161,129.04658551929566,127.0273942612158,126.97240789383581,120.8689938858345
2020,6,10,162,120.8689938858345,127.31778299159213,126.0926364116385,129.65528715451526
2020,6,11,163,129.65528715451526,122.26555941409492,126.42656557777036,131.48922832910202
2020,6,12,164,131.48922832910202,135.149731030127,127.74423256562852,121.56819711972882
2020,6,13,165,121.56819711972882,128.17225660243898,125.80401343557163,130.4628674982299
2020,6,14,166,130.4628674982299,119.8275454380862,126.13124356354176,127.68333766428675
2020,6,15,167,127.68333766428675,129.04658551929566,127.25349959585614,129.702296494007
2020,6,16,168,129.702296494007,120.8689938858345,127.34717259224347,135.04768846977396
2020,6,17,169,135.04768846977396,129.65528715451526,129.3727003899491,124.30772499523523
2020,6,18,170,124.30772499523523,131.48922832910202,128.60876293862339,121.73619011926348
2020,6,19,171,121.73619011926348,121.56819711972882,127.2154717657893,121.0268169145482
2020,6,20,172,121.0268169145482,130.4628674982299,127.13813173647779,121.36421812743131
2020,6,21,173,121.36421812743131,127.68333766428675,125.83832468350657,125.02605366354832
2020,6,22,174,125.02605366354832,129.702296494007,125.45871268340106,127.08507688660856
2020,6,23,175,127.08507688660856,135.04768846977396,125.08482416805846,126.73003808855704
2020,6,24,176,126.73003808855704,124.30772499523523,123.89658839931316,129.44932997219763
2020,6,25,177,129.44932997219763,121.73619011926348,124.63110339602208,125.34486578494725
2020,6,26,178,125.34486578494725,121.0268169145482,125.14662849111976,132.5136327955451
2020,6,27,179,132.5136327955451,121.36421812743131,126.78760218840503,123.88849843524122
2020,6,28,180,123.88849843524122,125.02605366354832,127.1482136609493,138.7782134399344
2020,6,29,181,138.7782134399344,127.08507688660856,129.11280791471876,128.2711049412561
2020,6,30,182,128.2711049412561,126.73003808855704,129.2822404939541,120.82224743626034
2020,7,1,183,120.82224743626034,129.44932997219763,128.4382704007689,119.71875703451758
2020,7,2,184,119.71875703451758,125.34486578494725,127.04818855252886,127.4507340926711
2020,7,3,185,127.4507340926711,132.5136327955451,127.3490268822037,123.88622967060292
2020,7,4,186,123.88622967060292,123.88849843524122,126.11654072149767,128.5387876359603
2020,7,5,187,128.5387876359603,138.7782134399344,126.78086775017182,127.300335721761
2020,7,6,188,127.300335721761,128.2711049412561,125.14117093328991,124.5355371759974
2020,7,7,189,124.5355371759974,120.82224743626034,124.6075183953958,120.6314697873817
2020,7,8,190,120.6314697873817,119.71875703451758,124.58026444555598,117.25723211600746
2020,7,9,191,117.25723211600746,127.4507340926711,124.22861802862597,122.56524720845228
2020,7,10,192,122.56524720845228,123.88622967060292,123.53069133088044,129.04654408592174
2020,7,11,193,129.04654408592174,128.5387876359603,124.26787910449741,125.80217183437186
2020,7,12,194,125.80217183437186,127.300335721761,123.87693398998478,118.4706373854888
2020,7,13,195,118.4706373854888,124.5355371759974,122.61554851337446,125.53338941094664
2020,7,14,196,125.53338941094664,120.6314697873817,122.75809883265292,126.56280053623804
2020,7,15,197,126.56280053623804,117.25723211600746,123.60543179677526,120.18628051144304
2020,7,16,198,120.18628051144304,122.56524720845228,124.0238672818375,125.34422213666726
2020,7,17,199,125.34422213666726,129.04654408592174,124.4208637001539,124.83739343427892
2020,7,18,200,124.83739343427892,125.80217183437186,123.81955646420495,118.80302515526785
2020,7,19,201,118.80302515526785,118.4706373854888,122.8196783671901,126.27916283353046
2020,7,20,202,126.27916283353046,125.53338941094664,123.93518200262461,127.26736941031147
2020,7,21,203,127.26736941031147,126.56280053623804,124.18289343110528,129.85284361680908
2020,7,22,204,129.85284361680908,120.18628051144304,124.6528995854726,129.68170640361257
2020,7,23,205,129.68170640361257,125.34422213666726,126.00938899863965,117.50047412398052
2020,7,24,206,117.50047412398052,124.83739343427892,124.88885356825584,119.67688431944669
2020,7,25,207,119.67688431944669,118.80302515526785,124.15163798042265,126.9194854875798
2020,7,26,208,126.9194854875798,126.27916283353046,125.31113231361009,126.8926966294136
2020,7,27,209,126.8926966294136,127.26736941031147,125.39877999873625,126.87966779134682
2020,7,28,210,126.87966779134682,129.85284361680908,125.34339405316987,143.55000037404002
2020,7,29,211,143.55000037404002,129.68170640361257,127.30013073277429,127.12400605529233
2020,7,30,212,127.12400605529233,117.50047412398052,126.93474496872855,129.9319348642149
2020,7,31,213,129.9319348642149,119.67688431944669,128.71066793161916,129.01005638571274
2020,8,1,214,129.01005638571274,126.9194854875798,130.04397822680002,127.48437722552843
2020,8,2,215,127.48437722552843,126.8926966294136,130.12467704650697,122.63992497083824
2020,8,3,216,122.63992497083824,126.87966779134682,129.51713823813907,128.0014882372884
2020,8,4,217,128.0014882372884,143.55000037404002,129.67739830184502,120.33445116010743
2020,8,5,218,120.33445116010743,127.12400605529233,126.36089127128321,123.00802643285
2020,8,6,219,123.00802643285,129.9319348642149,125.77289418236286,121.76049359995363
2020,8,7,220,121.76049359995363,129.01005638571274,124.60554543032556,124.5935655622326
2020,8,8,221,124.5935655622326,127.48437722552843,123.9746181698284,135.75610439279382
2020,8,9,222,135.75610439279382,122.63992497083824,125.15629347943774,114.84687645991482
2020,8,10,223,114.84687645991482,128.0014882372884,124.0430008350201,127.6167088839086
2020,8,11,224,127.6167088839086,120.33445116010743,123.98803235596584,116.12588867037584
2020,8,12,225,116.12588867037584,123.00802643285,123.38680914314705,121.83576276739944
2020,8,13,226,121.83576276739944,121.76049359995363,123.21934290522553,129.64806195709127
2020,8,14,227,129.64806195709127,124.5935655622326,124.34613838481661,124.53456700772746
2020,8,15,228,124.53456700772746,135.75610439279382,124.33771001988733,118.83630970162017
2020,8,16,229,118.83630970162017,114.84687645991482,121.9205964925768,120.66242754351909
2020,8,17,230,120.66242754351909,127.6167088839086,122.75138950452026,127.6529296277041
2020,8,18,231,127.6529296277041,116.12588867037584,122.75656389649104,120.62122067125568
2020,8,19,232,120.62122067125568,121.83576276739944,123.39875418233103,125.37561311030454
2020,8,20,233,125.37561311030454,129.64806195709127,123.90444708846032,124.5436336751318
2020,8,21,234,124.5436336751318,124.53456700772746,123.17524304818039,121.08244897892992
2020,8,22,235,121.08244897892992,118.83630970162017,122.68208332978075,135.08710262301938
2020,8,23,236,135.08710262301938,120.66242754351909,125.00362517569492,127.5661965881079
2020,8,24,237,127.5661965881079,127.6529296277041,125.98987789635048,114.30242762964131
2020,8,25,238,114.30242762964131,120.62122067125568,124.08266332519864,125.39430226860728
2020,8,26,239,125.39430226860728,125.37561311030454,124.7645321248203,121.18937011158916
2020,8,27,240,121.18937011158916,124.5436336751318,124.16649741071811,128.7991523175877
2020,8,28,241,128.7991523175877,121.08244897892992,124.77442864535467,120.61550577219546
2020,8,29,242,120.61550577219546,135.08710262301938,124.70772247296404,124.04802011320956
2020,8,30,243,124.04802011320956,127.5661965881079,123.13071068584834,127.19272829929274
2020,8,31,244,127.19272829929274,114.30242762964131,123.07735807316045,129.04518114015542
2020,9,1,245,129.04518114015542,125.39430226860728,125.18346571751961,118.76608628661704
2020,9,2,246,118.76608628661704,121.18937011158916,124.23657772009244,123.14880063501516
2020,9,3,247,123.14880063501516,128.7991523175877,124.51649636629615,122.50291878044348
2020,9,4,248,122.50291878044348,120.61550577219546,123.61703443241842,121.66996164569343
2020,9,5,249,121.66996164569343,124.04802011320956,123.76767098577525,133.8254885766784
2020,9,6,250,133.8254885766784,127.19272829929274,125.16445219484224,127.0874049519799
2020,9,7,251,127.0874049519799,129.04518114015542,125.14940600236898,118.82504667345266
2020,9,8,252,118.82504667345266,118.76608628661704,123.68938679284001,129.78845802894645
2020,9,9,253,129.78845802894645,123.14880063501516,125.2640113274585,135.88234289994838
2020,9,10,254,135.88234289994838,122.50291878044348,127.08308879387754,130.509052775222
2020,9,11,255,130.509052775222,121.66996164569343,128.22682222170303,117.8278104862998
2020,9,12,256,117.8278104862998,133.8254885766784,127.6779434846468,123.08421061154264
2020,9,13,257,123.08421061154264,127.0874049519799,126.14347520391311,131.92346090332563
2020,9,14,258,131.92346090332563,118.82504667345266,126.83434033981965,122.13690140843876
2020,9,15,259,122.13690140843876,129.78845802894645,127.30746244481767,127.98352389562726
2020,9,16,260,127.98352389562726,135.88234289994838,127.04961471148636,129.72962368247528
2020,9,17,261,129.72962368247528,130.509052775222,126.17065482327591,121.31668971982629
2020,9,18,262,121.31668971982629,117.8278104862998,124.85746010107651,125.75147847472564
2020,9,19,263,125.75147847472564,123.08421061154264,125.98941267085164,109.94341790929607
2020,9,20,264,109.94341790929607,131.92346090332563,124.11215657053071,121.13136274315836
2020,9,21,265,121.13136274315836,122.13690140843876,122.57042826193539,125.096913469662
2020,9,22,266,125.096913469662,127.98352389562726,122.99328712782442,120.23020762102992
2020,9,23,267,120.23020762102992,129.72962368247528,121.88567051716765,134.74347361008645
2020,9,24,268,134.74347361008645,121.31668971982629,122.60193479254069,119.54593537813209
2020,9,25,269,119.54593537813209,125.75147847472564,122.34896988658436,124.61458312496228
2020,9,26,270,124.61458312496228,109.94341790929607,122.1865562651896,127.58961547403196
2020,9,27,271,127.58961547403196,121.13136274315836,124.70744163158042,134.26633455526644
2020,9,28,272,134.26633455526644,125.096913469662,126.58386617616732,120.00766525158416
2020,9,29,273,120.00766525158416,120.23020762102992,125.85683071644189,133.13275804938854
2020,9,30,274,133.13275804938854,134.74347361008645,127.70005220620742,127.50102539226124
2020,10,1,275,127.50102539226124,119.54593537813209,126.6654167465181,122.6781964065435
2020,10,2,276,122.6781964065435,124.61458312496228,127.11288260771973,130.0350957668938
2020,10,3,277,130.0350957668938,127.58961547403196,127.8872415565671,128.8616742738541
2020,10,4,278,128.8616742738541,134.26633455526644,128.068964242256,125.01004610914131
2020,10,5,279,125.01004610914131,120.00766525158416,126.74663732138096,128.50785067418482
2020,10,6,280,128.50785067418482,133.13275804938854,127.96094952460963,126.3829339569395
2020,10,7,281,126.3829339569395,127.50102539226124,126.99668893997405,129.0306983060698
2020,10,8,282,129.0306983060698,122.6781964065435,127.21521364194669,131.93031767402832
2020,10,9,283,131.93031767402832,130.0350957668938,128.53694525158738,136.70923845239068
2020,10,10,284,136.70923845239068,128.8616742738541,129.49039420665835,122.75249769278008
2020,10,11,285,122.75249769278008,125.01004610914131,128.61765469507637,139.77208614957934
2020,10,12,286,139.77208614957934,128.50785067418482,130.72651755799606,119.51473930628237
2020,10,13,287,119.51473930628237,126.3829339569395,129.44178736258144,128.68741759602966
2020,10,14,288,128.68741759602966,129.0306983060698,129.77099931102288,132.56198955230664
2020,10,15,289,132.56198955230664,131.93031767402832,130.27546948905675,131.2023080733675
2020,10,16,290,131.2023080733675,136.70923845239068,130.17146811753375,126.86366934765051
2020,10,17,291,126.86366934765051,122.75249769278008,128.764958245428,129.1192342852349
2020,10,18,292,129.1192342852349,139.77208614957934,129.67449204435013,127.88036636672376
2020,10,19,293,127.88036636672376,119.51473930628237,127.97567493251361,127.58690536309716
2020,10,20,294,127.58690536309716,128.68741759602966,129.12884151205859,134.97291519938884
2020,10,21,295,134.97291519938884,132.56198955230664,130.02676974110992,132.70395918936993
2020,10,22,296,132.70395918936993,131.2023080733675,130.04705111783323,127.65109549842536
2020,10,23,297,127.65109549842536,126.86366934765051,129.5397350356986,135.81317160410066
2020,10,24,298,135.81317160410066,129.1192342852349,130.81823535804867,133.05394716883325
2020,10,25,299,133.05394716883325,127.88036636672376,131.3803371985627,135.78676681640837
2020,10,26,300,135.78676681640837,127.58690536309716,132.50982297708907,135.0783163371303
2020,10,27,301,135.0783163371303,134.97291519938884,133.58002454480808,127.99560135131364
2020,10,28,302,127.99560135131364,132.70395918936993,132.5832654236545,129.55274218650908
2020,10,29,303,129.55274218650908,127.65109549842536,132.13309156610293,136.30583063876284
2020,10,30,304,136.30583063876284,135.81317160410066,133.36948230043689,135.8395501684994
2020,10,31,305,135.8395501684994,133.05394716883325,133.37325066677957,132.9041240850832
2020,11,1,306,132.9041240850832,135.78676681640837,133.35184736910097,133.81877438476977
2020,11,2,307,133.81877438476977,135.0783163371303,133.07070559315258,139.84651401344826
2020,11,3,308,139.84651401344826,127.99560135131364,133.75187668976946,130.7289050091784
2020,11,4,309,130.7289050091784,129.55274218650908,134.14234864089298,136.6533145844303
2020,11,5,310,136.6533145844303,136.30583063876284,135.1567161263103,133.1403956639947
2020,11,6,311,133.1403956639947,135.8395501684994,134.70451112991483,133.29892116637637
2020,11,7,312,133.29892116637637,132.9041240850832,134.34156412961156,140.11958747281358
2020,11,8,313,140.11958747281358,133.81877438476977,135.37234461357306,138.99353881495333
2020,11,9,314,138.99353881495333,139.84651401344826,136.11159667502784,139.17710628303868
2020,11,10,315,139.17710628303868,130.7289050091784,136.01596699925503,141.8823690022654
2020,11,11,316,141.8823690022654,136.6533145844303,137.6093189982675,135.70769483780956
2020,11,12,317,135.70769483780956,133.1403956639947,137.47423046303595,139.26239224241104
2020,11,13,318,139.26239224241104,133.29892116637637,138.3488014028097,134.5534630797078
2020,11,14,319,134.5534630797078,140.11958747281358,138.52802167614277,137.9799817933554
2020,11,15,320,137.9799817933554,138.99353881495333,138.22236372193444,135.96493694367356
2020,11,16,321,135.96493694367356,139.17710628303868,137.78970631175164,137.35924793036793
2020,11,17,322,137.35924793036793,141.8823690022654,137.5300122613701,140.11074689122825
2020,11,18,323,140.11074689122825,135.70769483780956,137.2769233883648,133.30659322387103
2020,11,19,324,133.30659322387103,139.26239224241104,136.93390887208787,148.12437195639492
2020,11,20,325,148.12437195639492,134.5534630797078,138.19990597408557,132.8990539218779
2020,11,21,326,132.8990539218779,137.9799817933554,137.96356180868128,132.1268310000074
2020,11,22,327,132.1268310000074,135.96493694367356,137.12739740963156,144.25885074833698
2020,11,23,328,144.25885074833698,137.35924793036793,138.3122422388692,142.69898179001294
2020,11,24,329,142.69898179001294,140.11074689122825,139.07506136167564,142.1354489601088
2020,11,25,330,142.1354489601088,133.30659322387103,139.36430451437286,142.43252804843027
2020,11,26,331,142.43252804843027,148.12437195639492,140.6680094893099,139.50724527157195
2020,11,27,332,139.50724527157195,132.8990539218779,139.43699139147802,135.3615723409928
2020,11,28,333,135.3615723409928,132.1268310000074,139.78877973706588,140.50787640436317
2020,11,29,334,140.50787640436317,144.25885074833698,140.98607193768814,137.0256562600129
2020,11,30,335,137.0256562600129,142.69898179001294,139.95275843935613,145.5712334409014
2020,12,1,336,145.5712334409014,142.1354489601088,140.36308010376874,140.2460330761955
2020,12,2,337,140.2460330761955,142.43252804843027,140.093163548924,137.14099051649777
2020,12,3,338,137.14099051649777,139.50724527157195,139.3372296157908,139.95013073363288
2020,12,4,339,139.95013073363288,135.3615723409928,139.40049896751378,143.91168277496973
2020,12,5,340,143.91168277496973,140.50787640436317,140.62194331522477,139.31970520810293
2020,12,6,341,139.31970520810293,137.0256562600129,140.45220457290188,138.3198197606283
2020,12,7,342,138.3198197606283,145.5712334409014,140.6370850729898,143.9431968689173
2020,12,8,343,143.9431968689173,140.2460330761955,140.4045084198492,144.24463168700515
2020,12,9,344,144.24463168700515,137.14099051649777,140.975736792822,140.7812732071755
2020,12,10,345,140.7812732071755,139.95013073363288,141.49577717720453,141.25809298566992
2020,12,11,346,141.25809298566992,143.91168277496973,141.68262892749553,145.07188742499628
2020,12,12,347,145.07188742499628,139.31970520810293,141.8483724489279,136.97057935442098
2020,12,13,348,136.97057935442098,138.3198197606283,141.51278304125907,137.4740076186097
2020,12,14,349,137.4740076186097,143.9431968689173,141.3919527352564,141.22034463863037
2020,12,15,350,141.22034463863037,144.24463168700515,141.00297384521542,144.04743451706273
2020,12,16,351,144.04743451706273,140.7812732071755,140.97480282093792,146.97212910513582
2020,12,17,352,146.97212910513582,141.25809298566992,141.85921080636084,153.09806078706995
2020,12,18,353,153.09806078706995,145.07188742499628,143.55063477798942,150.31398439292633
2020,12,19,354,150.31398439292633,136.97057935442098,144.299505773408,145.53106886436402
2020,12,20,355,145.53106886436402,137.4740076186097,145.522432846257,146.5413746899886
2020,12,21,356,146.5413746899886,141.22034463863037,146.8177709993111,141.93007223190946
2020,12,22,357,141.93007223190946,144.04743451706273,146.91916065549384,147.15693577481926
2020,12,23,358,147.15693577481926,146.97212910513582,147.36337512088764,146.1134595441577
2020,12,24,359,146.1134595441577,153.09806078706995,147.2407080407479,149.47801538017862
2020,12,25,360,149.47801538017862,150.31398439292633,146.72355869690628,144.0363058038092
2020,12,26,361,144.0363058038092,145.53106886436402,145.82674746988957,151.0775485778851
2020,12,27,362,151.0775485778851,146.5413746899886,146.61910171467827,156.4531329435334
2020,12,28,363,156.4531329435334,141.93007223190946,148.0350671794704,148.5544761605413
2020,12,29,364,148.5544761605413,147.15693577481926,148.98141059784638,151.415839391857
2020,12,30,365,151.415839391857,146.1134595441577,149.58982540028032,153.16711912552327
2020,12,31,366,153.16711912552327,149.47801538017862,150.59749105476112,148.01947881916516
2021,1,1,1,148.01947881916516,144.0363058038092,150.38912868890205,151.45523832541872
2021,1,2,2,151.45523832541872,151.0775485778851,151.44897619198915,150.70689448055228
2021,1,3,3,150.70689448055228,156.4531329435334,151.39602560665588,151.4413804598245
2021,1,4,4,151.4413804598245,148.5544761605413,150.68006096612604,147.39687860241358
2021,1,5,5,147.39687860241358,151.415839391857,150.51468988639348,151.69321518719218
2021,1,6,6,151.69321518719218,153.16711912552327,150.55431500001282,154.36915103779884
2021,1,7,7,154.36915103779884,148.01947881916516,150.7260338446236,159.44308066103213
2021,1,8,8,159.44308066103213,151.45523832541872,152.3579769648903,157.2915769575974
2021,1,9,9,157.2915769575974,150.70689448055228,153.19173962663012,163.56860197574093
2021,1,10,10,163.56860197574093,151.4413804598245,155.02912641165707,149.27297499831732
2021,1,11,11,149.27297499831732,147.39687860241358,154.71935420287033,157.77784512347196
2021,1,12,12,157.77784512347196,151.69321518719218,156.2023494201644,154.63893698336355
2021,1,13,13,154.63893698336355,154.36915103779884,156.62316681961744,164.97663256942303
2021,1,14,14,164.97663256942303,159.44308066103213,158.13852132413518,150.2908735810424
2021,1,15,15,150.2908735810424,157.2915769575974,156.83106316985095,150.43780946970338
2021,1,16,16,150.43780946970338,163.56860197574093,155.85195352872324,151.94276631216425
2021,1,17,17,151.94276631216425,149.27297499831732,154.191119862498,144.62276980009364
2021,1,18,18,144.62276980009364,157.77784512347196,153.5268048341803,152.91515129083007
2021,1,19,19,152.91515129083007,154.63893698336355,152.83213428666005,152.04905148507837
2021,1,20,20,152.04905148507837,164.97663256942303,152.46215064404785,156.89653411879382
2021,1,21,21,156.89653411879382,150.2908735810424,151.30785086538657,158.1522093203179
2021,1,22,22,158.1522093203179,150.43780946970338,152.43089882814022,166.122113907299
2021,1,23,23,166.122113907299,151.94276631216425,154.67151374779672,161.79012764599287
2021,1,24,24,161.79012764599287,144.62276980009364,156.07827965262936,154.44911017397786
2021,1,25,25,154.44911017397786,152.91515129083007,157.48204256318428,153.1359994595023
2021,1,26,26,153.1359994595023,152.04905148507837,157.513592301566,160.38089086568934
2021,1,27,27,160.38089086568934,156.89653411879382,158.70385507022473,151.61208281581682
2021,1,28,28,151.61208281581682,158.1522093203179,157.94893345551372,167.66118237202235
2021,1,29,29,167.66118237202235,166.122113907299,159.3073581771858,164.6903692743502
2021,1,30,30,164.6903692743502,161.79012764599287,159.10282322962166,156.73516596378812
2021,1,31,31,156.73516596378812,154.44911017397786,158.38068584644955,150.80179796304813
2021,2,1,32,150.80179796304813,153.1359994595023,157.8596412448882,166.42176552802417
2021,2,2,33,166.42176552802417,160.38089086568934,159.7576078261056,159.36310041991516
2021,2,3,34,159.36310041991516,151.61208281581682,159.61220919099497,166.40669686593674
2021,2,4,35,166.40669686593674,167.66118237202235,161.72572548386924,152.52566954116713
2021,2,5,36,152.52566954116713,164.6903692743502,159.56350936517566,157.77945979719672
2021,2,6,37,157.77945979719672,156.73516596378812,158.57623658272516,161.07937320655316
2021,2,7,38,161.07937320655316,150.80179796304813,159.1968376174059,161.5631288685775
2021,2,8,39,161.5631288685775,166.42176552802417,160.7341706039101,159.35118032400888
2021,2,9,40,159.35118032400888,159.36310041991516,159.72408700333648,164.98720943823378
2021,2,10,41,164.98720943823378,166.40669686593674,160.52753114881057,156.8044403031283
2021,2,11,42,156.8044403031283,152.52566954116713,159.15578021126652,161.69831909513934
2021,2,12,43,161.69831909513934,157.77945979719672,160.46615871897683,163.2774215286615
2021,2,13,44,163.2774215286615,161.07937320655316,161.25158182347178,165.5118791291097
2021,2,14,45,165.5118791291097,161.5631288685775,161.88479695526556,166.75947822350884
2021,2,15,46,166.75947822350884,159.35118032400888,162.62713257739864,157.83785267888842
2021,2,16,47,157.83785267888842,164.98720943823378,162.41094291380998,156.04805577486815
2021,2,17,48,156.04805577486815,156.8044403031283,161.13392096190063,170.36244278883782
2021,2,18,49,170.36244278883782,161.69831909513934,163.07077845985913,165.8888943559755
2021,2,19,50,165.8888943559755,163.2774215286615,163.66943206854998,160.7359564426456
2021,2,20,51,160.7359564426456,165.5118791291097,163.30636562769058,172.48297934294422
2021,2,21,52,172.48297934294422,166.75947822350884,164.30223708680978,165.55215544640666
2021,2,22,53,165.55215544640666,157.83785267888842,164.12976240436663,171.11453110473363
2021,2,23,54,171.11453110473363,156.04805577486815,166.02643075091595,165.79756891152985
2021,2,24,55,165.79756891152985,170.36244278883782,167.41921834186763,176.0032848602329
2021,2,25,56,176.0032848602329,165.8888943559755,168.2250529234955,174.71342529047558
2021,2,26,57,174.71342529047558,160.7359564426456,169.48570019985263,164.9266536973022
2021,2,27,58,164.9266536973022,172.48297934294422,170.08437123623216,171.2616311996683
2021,2,28,59,171.2616311996683,165.55215544640666,169.90989293004986,169.8604786919375
2021,3,1,60,169.8604786919375,171.11453110473363,170.5253676794114,173.70407230858606
2021,3,2,61,173.70407230858606,165.79756891152985,170.89530213710464,162.26107919845336
2021,3,3,62,162.26107919845336,176.0032848602329,170.39008932095084,170.73817626074427
2021,3,4,63,170.73817626074427,174.71342529047558,169.63793094959533,172.8196791662219
2021,3,5,64,172.8196791662219,164.9266536973022,169.36739578898764,158.95088798060988
2021,3,6,65,158.95088798060988,171.2616311996683,168.51371497231733,162.0426888094554
2021,3,7,66,162.0426888094554,169.8604786919375,167.1967232022869,157.97456087219203
2021,3,8,67,157.97456087219203,173.70407230858606,165.4987349423233,167.03275033979614
2021,3,9,68,167.03275033979614,162.26107919845336,164.54568894678187,172.17385963186763
2021,3,10,69,172.17385963186763,170.73817626074427,165.9618004372696,176.3015780697549
2021,3,11,70,176.3015780697549,172.8196791662219,166.75657212427112,169.36117211366363
2021,3,12,71,169.36117211366363,158.95088798060988,166.26249968819135,177.3319234285295
2021,3,13,72,177.3319234285295,162.0426888094554,168.888361895037,162.48370994255131
2021,3,14,73,162.48370994255131,157.97456087219203,168.95136491405074,161.05988339212334
2021,3,15,74,161.05988339212334,167.03275033979614,169.39212527404092,169.4888258770324
2021,3,16,75,169.4888258770324,172.17385963186763,169.7429932079318,171.87383526259157
2021,3,17,76,171.87383526259157,176.3015780697549,169.70013258374954,169.97413805999082
2021,3,18,77,169.97413805999082,169.36117211366363,168.79621258235466,159.98165133179958
2021,3,19,78,159.98165133179958,177.3319234285295,167.45628104208836,170.0516448721998
2021,3,20,79,170.0516448721998,162.48370994255131,166.41624124832697,164.1504018168175
2021,3,21,80,164.1504018168175,161.05988339212334,166.65434008750785,174.19372598240807
2021,3,22,81,174.19372598240807,169.4888258770324,168.5306033146914,172.8480675698168
2021,3,23,82,172.8480675698168,171.87383526259157,169.01049498508914,166.4824800621479
2021,3,24,83,166.4824800621479,169.97413805999082,168.2403013850258,168.77642784739788
2021,3,25,84,168.77642784739788,159.98165133179958,168.06919992608394,166.2106511470872
2021,3,26,85,166.2106511470872,170.0516448721998,168.9590570425536,171.35134543726122
2021,3,27,86,171.35134543726122,164.1504018168175,169.1447285518481,176.59553436862743
2021,3,28,87,176.59553436862743,174.19372598240807,170.92260463067805,167.0433287531805
2021,3,29,88,167.0433287531805,172.8480675698168,169.90111931221696,174.64137772992854
2021,3,30,89,174.64137772992854,166.4824800621479,170.15730647794726,169.61608962217124
2021,3,31,90,169.61608962217124,168.77642784739788,170.604964986522,168.44628982811722
2021,4,1,91,168.44628982811722,166.2106511470872,170.55780241233904,172.01582037305403
2021,4,2,92,172.01582037305403,171.35134543726122,171.3871123017629,167.51211972177836
2021,4,3,93,167.51211972177836,176.59553436862743,170.83865148526533,170.0544848911086
2021,4,4,94,170.0544848911086,167.0433287531805,169.90421584561977,166.9647837826992
2021,4,5,95,166.9647837826992,174.64137772992854,169.89299513555102,182.90628417815864
2021,4,6,96,182.90628417815864,169.61608962217124,171.07369605672673,173.3845075527009
2021,4,7,97,173.3845075527009,168.44628982811722,171.61204147537384,169.83214298880816
2021,4,8,98,169.83214298880816,172.01582037305403,171.8100204983297,174.52030459347844
2021,4,9,99,174.52030459347844,167.51211972177836,172.16780395839032,173.00545826777628
2021,4,10,100,173.00545826777628,170.0544848911086,172.95256660781862,172.57600902095317
2021,4,11,101,172.57600902095317,166.9647837826992,173.31278434065354,176.86252097627607
2021,4,12,102,176.86252097627607,182.90628417815864,174.7267467968788,177.68713623432646
2021,4,13,103,177.68713623432646,173.3845075527009,173.9811542334742,171.352090564349
2021,4,14,104,171.352090564349,169.83214298880816,173.69080894942394,171.2276016490463
2021,4,15,105,171.2276016490463,174.52030459347844,173.8901601866008,172.8306392279802
2021,4,16,106,172.8306392279802,173.00545826777628,173.64877942010108,162.79261629887134
2021,4,17,107,162.79261629887134,172.57600902095317,172.18980199597178,166.81972285582327
2021,4,18,108,166.81972285582327,176.86252097627607,171.36747540095325,181.32065012067025
2021,4,19,109,181.32065012067025,177.68713623432646,172.00435099300952,182.79887632182647
2021,4,20,110,182.79887632182647,171.352090564349,172.7345995769381,173.413789504416
2021,4,21,111,173.413789504416,171.2276016490463,173.02912799694766,177.62387490168624
2021,4,22,112,177.62387490168624,172.8306392279802,173.94288131875342,176.37666597097945
2021,4,23,113,176.37666597097945,162.79261629887134,174.44945656775326,190.2913661985164
2021,4,24,114,190.2913661985164,166.81972285582327,178.37784941055972,180.56862345809512
2021,4,25,115,180.56862345809512,181.32065012067025,180.34197806802712,174.40220623227532
2021,4,26,116,174.40220623227532,182.79887632182647,179.35362894111356,170.33241538812086
2021,4,27,117,170.33241538812086,173.413789504416,177.57270595058418,167.1435078780282
2021,4,28,118,167.1435078780282,177.62387490168624,176.6769514325288,176.25599920707805
2021,4,29,119,176.25599920707805,176.37666597097945,176.48154061901332,171.51721047661832
2021,4,30,120,171.51721047661832,190.2913661985164,175.78733269124749,168.245343210516
2021,5,1,121,168.245343210516,180.56862345809512,172.63790083581884,172.1787828061398
2021,5,2,122,172.1787828061398,174.40220623227532,171.4393521712538,170.05635489768738
2021,5,3,123,170.05635489768738,170.33241538812086,170.81851626631266,183.9496880710292
2021,5,4,124,183.9496880710292,167.1435078780282,172.76384093529958,179.96952678210866
2021,5,5,125,179.96952678210866,176.25599920707805,174.5961293501682,175.5663025952524
2021,5,6,126,175.5663025952524,171.51721047661832,174.49760126276456,183.04824132736695
2021,5,7,127,183.04824132736695,168.245343210516,176.14489138430005,176.07526208742368
2021,5,8,128,176.07526208742368,172.1787828061398,177.26345122385828,171.4194733290293
2021,5,9,129,171.4194733290293,170.05635489768738,177.15497844141396,183.37659188167996
2021,5,10,130,183.37659188167996,183.9496880710292,179.05786943912716,178.4882324587521
2021,5,11,131,178.4882324587521,179.96952678210866,178.27766149451617,170.6378267114501
2021,5,12,132,170.6378267114501,175.5663025952524,176.94456148442208,174.90043543670745
2021,5,13,133,174.90043543670745,183.04824132736695,176.8494376046299,171.49983729082794
2021,5,14,134,171.49983729082794,176.07526208742368,175.19966559941008,168.9874909776401
2021,5,15,135,168.9874909776401,171.4194733290293,174.18712686944102,180.55373340886885
2021,5,16,136,180.55373340886885,183.37659188167996,175.49202116656093,185.4891141488095
2021,5,17,137,185.4891141488095,178.4882324587521,175.79381006186514,168.96624250393515
2021,5,18,138,168.96624250393515,170.6378267114501,174.43352578260559,178.78887568123588
2021,5,19,139,178.78887568123588,174.90043543670745,175.59796134971785,172.7337016434758
2021,5,20,140,172.7337016434758,171.49983729082794,175.28842795068476,173.56214520729284
2021,5,21,141,173.56214520729284,168.9874909776401,175.58304336732257,173.04467016678944
2021,5,22,142,173.04467016678944,180.55373340886885,176.16264039434392,171.69360159426043
2021,5,23,143,171.69360159426043,185.4891141488095,174.89690727797128,176.26116577547015
2021,5,24,144,176.26116577547015,168.96624250393515,173.5786289389228,171.86693489701483
2021,5,25,145,171.86693489701483,178.78887568123588,173.99301356650562,177.37526276800745
2021,5,26,146,177.37526276800745,172.7337016434758,173.79106886461585,175.7712867780043
2021,5,27,147,175.7712867780043,173.56214520729284,174.22500959811993,174.82548204356604
2021,5,28,148,174.82548204356604,173.04467016678944,174.4054862890161,171.47843644620534
2021,5,29,149,171.47843644620534,171.69360159426043,174.18173861464695,173.12675987406354
2021,5,30,150,173.12675987406354,176.26116577547015,174.3864755117617,179.7803059790013
2021,5,31,151,179.7803059790013,171.86693489701483,174.88920982655185,178.4990834058199
2021,6,1,152,178.4990834058199,177.37526276800745,175.83665961352398,171.0963263680072
2021,6,2,153,171.0963263680072,175.7712867780043,174.9396686992382,176.46887041799152
2021,6,3,154,176.46887041799152,174.82548204356604,175.03932350495072,179.71579609268682
2021,6,4,155,179.71579609268682,171.47843644620534,175.73793979768223,167.59707548340728
2021,6,5,156,167.59707548340728,173.12675987406354,175.18345966013968,178.64477905166322
2021,6,6,157,178.64477905166322,179.7803059790013,175.97174811408246,172.59741564669443
2021,6,7,158,172.59741564669443,178.4990834058199,174.9456209237529,178.74481004087258
2021,6,8,159,178.74481004087258,171.0963263680072,174.98072472876044,172.05557520743776
2021,6,9,160,172.05557520743776,176.46887041799152,175.1177602772505,166.8263333091436
2021,6,10,161,166.8263333091436,179.71579609268682,173.74025497598652,167.69076981936632
2021,6,11,162,167.69076981936632,167.59707548340728,172.02239407979786,176.04555749208706
2021,6,12,163,176.04555749208706,178.64477905166322,173.22932008103786,177.07935607254225
2021,6,13,164,177.07935607254225,172.59741564669443,173.00568822687774,171.23377910793542
2021,6,14,165,171.23377910793542,178.74481004087258,172.810883007055,178.921999164035
2021,6,15,166,178.921999164035,172.05557520743776,172.83619573893534,167.3942155448165
2021,6,16,167,167.3942155448165,166.8263333091436,172.17028721570372,175.34334884545248
2021,6,17,168,175.34334884545248,167.69076981936632,173.38700372089073,169.5898007167531
2021,6,18,169,169.5898007167531,176.04555749208706,173.65829384908884,172.3560860817857
2021,6,19,170,172.3560860817857,177.07935607254225,173.13122650476006,175.82194526660356
2021,6,20,171,175.82194526660356,171.23377910793542,172.95159638962596,171.25192031948717
2021,6,21,172,171.25192031948717,178.921999164035,172.95418799127623,173.5996443623317
2021,6,22,173,173.5996443623317,167.3942155448165,172.19385159103288,180.5217707014812
2021,6,23,174,180.5217707014812,175.34334884545248,174.06921661341357,172.5732316096035
2021,6,24,175,172.5732316096035,169.5898007167531,173.67348557972085,179.60308579280323
2021,6,25,176,179.60308579280323,172.3560860817857,175.1039548762994,169.74262558463167
2021,6,26,177,169.74262558463167,175.82194526660356,174.730603376706,178.00636621812112
2021,6,27,178,178.00636621812112,171.25192031948717,175.0426635126371,182.5310753459611
2021,6,28,179,182.5310753459611,173.5996443623317,176.65397137356194,162.9306487863311
2021,6,29,180,162.9306487863311,180.5217707014812,175.129829148419,171.2698369440957
2021,6,30,181,171.2698369440957,172.5732316096035,173.80812432593532,178.10496950035954
2021,7,1,182,178.10496950035954,179.60308579280323,174.59837259604336,174.16958214741246
2021,7,2,183,174.16958214741246,169.74262558463167,173.82215778955896,177.00569411768916
2021,7,3,184,177.00569411768916,178.00636621812112,174.85973900856717,172.09520085354632
2021,7,4,185,172.09520085354632,182.5310753459611,174.0152868136279,175.51329502504024
2021,7,5,186,175.51329502504024,162.9306487863311,173.0127467677821,174.26728735974777
2021,7,6,187,174.26728735974777,171.2698369440957,174.63226656398447,180.8500702947434
2021,7,7,188,180.8500702947434,178.10496950035954,176.0008713283627,176.2489604585613
2021,7,8,189,176.2489604585613,174.16958214741246,175.7357271795344,176.6308263570026
2021,7,9,190,176.6308263570026,177.00569411768916,176.08733349519008,172.84969623553135
2021,7,10,191,172.84969623553135,172.09520085354632,175.4936195120247,172.43767975413587
2021,7,11,192,172.43767975413587,175.51329502504024,175.54254506925176,172.67996199942496
2021,7,12,193,172.67996199942496,174.26728735974777,175.13778320844963,176.782518314949
2021,7,13,194,176.782518314949,180.8500702947434,175.49710191633548,172.67335267194883
2021,7,14,195,172.67335267194883,176.2489604585613,174.32899939879343,176.1957296981834
2021,7,15,196,176.1957296981834,176.6308263570026,174.3213950044537,185.09305249887797
2021,7,16,197,185.09305249887797,172.84969623553135,175.53028445329306,179.04152757737256
2021,7,17,198,179.04152757737256,172.43767975413587,176.41483178784182,173.02635392883457
2021,7,18,199,173.02635392883457,172.67996199942496,176.49892809851306,180.6338700064471
2021,7,19,200,180.6338700064471,176.782518314949,177.63520067094478,172.5595626892908
2021,7,20,201,172.5595626892908,172.67335267194883,177.03192129585074,164.38231522662514
2021,7,21,202,164.38231522662514,176.1957296981834,175.84748737509022,169.50641246766727
2021,7,22,203,169.50641246766727,185.09305249887797,174.89187062787363,165.16774662214388
2021,7,23,204,165.16774662214388,179.04152757737256,172.04539835976877,172.74000512809846
2021,7,24,205,172.74000512809846,173.02635392883457,171.1451808670153,174.56658261489753
2021,7,25,206,174.56658261489753,180.6338700064471,171.3652135364529,182.83469472292447
2021,7,26,207,182.83469472292447,172.5595626892908,171.6796170673782,176.06630884196915
2021,7,27,208,176.06630884196915,164.38231522662514,172.18058080347512,173.31652626752572
2021,7,28,209,173.31652626752572,169.50641246766727,173.4568966664609,178.5406532874846
2021,7,29,210,178.5406532874846,165.16774662214388,174.74750249786342,163.32083087605685
2021,7,30,211,163.32083087605685,172.74000512809846,174.48365739127954,175.53879347823616
2021,7,31,212,175.53879347823616,174.56658261489753,174.88348429844206,178.2006364143976
2021,8,1,213,178.2006364143976,182.83469472292447,175.4026348412278,166.94039032028405
2021,8,2,214,166.94039032028405,176.06630884196915,173.13201992656488,180.04056865206874
2021,8,3,215,180.04056865206874,173.31652626752572,173.69977132800767,176.00426714491795
2021,8,4,216,176.00426714491795,178.5406532874846,174.08373431049228,172.22688554907563
2021,8,5,217,172.22688554907563,163.32083087605685,173.18176749071955,177.46037089546968
2021,8,6,218,177.46037089546968,175.53879347823616,175.2017017792071,185.64470135863567
2021,8,7,219,185.64470135863567,178.2006364143976,176.64540290497848,175.19702504596663
